[
    {"videoLink": "https://www.youtube.com/watch?v=mhKTNCsXGZE",
    "imgLink": "https://img.youtube.com/vi/mhKTNCsXGZE/hqdefault.jpg",
        "descrioption": "مراسم تتويج الهلال بطل دوري كأس الأمير محمد بن سلمان للمحترفين لموسم 2021-2022"},
    {"videoLink": "https://www.youtube.com/watch?v=cdaayORqr-I",
        "imgLink": "https://img.youtube.com/vi/cdaayORqr-I/hqdefault.jpg", "descrioption": "ملخص مباراة الاتحاد و الباطن من الجولة 30  (بصوت الجمهور ) من الدوري السعودي للمحترفين 2022/2021"},
    {"videoLink": "https://www.youtube.com/watch?v=iRJyjHKvBRw", "imgLink": "https://img.youtube.com/vi/iRJyjHKvBRw/hqdefault.jpg", "descrioption": "ملخص مباراة ضمك و التعاون من الجولة 30  (بصوت الجمهور ) من الدوري السعودي للمحترفين 2022/2021"},
    {"videoLink": "https://www.youtube.com/watch?v=ewjbMzijU2Q", "imgLink": "https://img.youtube.com/vi/ewjbMzijU2Q/hqdefault.jpg", "descrioption": "ملخص مباراة الهلال و الفيصلي من الجولة 30  (بصوت الجمهور ) من الدوري السعودي للمحترفين 2022/2021"},
    {"videoLink": "https://www.youtube.com/watch?v=VWjeyXp5nlY", "imgLink": "https://img.youtube.com/vi/VWjeyXp5nlY/hqdefault.jpg", "descrioption": "ملخص مباراة النصر و الفتح من الجولة 30  (بصوت الجمهور ) من الدوري السعودي للمحترفين 2022/2021"}
    
]
    
    
    
    
