[
    {
    "videoLink": "https://www.youtube.com/watch?v=mhKTNCsXGZE",
    "imgLink": "https://img.youtube.com/vi/mhKTNCsXGZE/hqdefault.jpg",
    "descrioption": "مراسم تتويج الهلال بطل دوري كأس الأمير محمد بن سلمان للمحترفين لموسم 2021-2022"
    },
    {
    "videoLink": "https://www.youtube.com/watch?v=cdaayORqr-I",
    "imgLink": "https://img.youtube.com/vi/cdaayORqr-I/hqdefault.jpg",
    "descrioption": "ملخص مباراة الاتحاد و الباطن من الجولة 30  (بصوت الجمهور ) من الدوري السعودي للمحترفين 2022/2021"
    },
    {
    "videoLink": "https://www.youtube.com/watch?v=iRJyjHKvBRw",
    "imgLink": "https://img.youtube.com/vi/iRJyjHKvBRw/hqdefault.jpg",
    "descrioption": "ملخص مباراة ضمك و التعاون من الجولة 30  (بصوت الجمهور ) من الدوري السعودي للمحترفين 2022/2021"
    },
    {
    "videoLink": "https://www.youtube.com/watch?v=ewjbMzijU2Q",
    "imgLink": "https://img.youtube.com/vi/ewjbMzijU2Q/hqdefault.jpg",
    "descrioption": "ملخص مباراة الهلال و الفيصلي من الجولة 30  (بصوت الجمهور ) من الدوري السعودي للمحترفين 2022/2021"
    },
    {
    "videoLink": "https://www.youtube.com/watch?v=VWjeyXp5nlY",
    "imgLink": "https://img.youtube.com/vi/VWjeyXp5nlY/hqdefault.jpg",
    "descrioption": "ملخص مباراة النصر و الفتح من الجولة 30  (بصوت الجمهور ) من الدوري السعودي للمحترفين 2022/2021"
    },
    {
    "videoLink": "https://www.youtube.com/watch?v=jgRk0ncQ0RA",
    "imgLink": "https://img.youtube.com/vi/jgRk0ncQ0RA/hqdefault.jpg",
    "descrioption": "ملخص مباراة الفيحاء و الاتفاق من الجولة 30  (بصوت الجمهور ) من الدوري السعودي للمحترفين 2022/2021"
    },
    {
    "videoLink": "https://www.youtube.com/watch?v=VqmU9EeVCUU",
    "imgLink": "https://img.youtube.com/vi/VqmU9EeVCUU/hqdefault.jpg",
    "descrioption": "ملخص مباراة الطائي و الحزم من الجولة 30  (بصوت الجمهور ) من الدوري السعودي للمحترفين 2022/2021"
    },
    {
    "videoLink": "https://www.youtube.com/watch?v=ay3yRRMh1x0",
    "imgLink": "https://img.youtube.com/vi/ay3yRRMh1x0/hqdefault.jpg",
    "descrioption": "ملخص مباراة الشباب و الأهلي من الجولة 30  (بصوت الجمهور ) من الدوري السعودي للمحترفين 2022/2021"
    },
    {
    "videoLink": "https://www.youtube.com/watch?v=BXQ9uotL4Dk",
    "imgLink": "https://img.youtube.com/vi/BXQ9uotL4Dk/hqdefault.jpg",
    "descrioption": "ملخص مباراة الرائد و أبها من الجولة 30  (بصوت الجمهور ) من الدوري السعودي للمحترفين 2022/2021"
    },
    {
    "videoLink": "https://www.youtube.com/watch?v=tztr7JHayXs",
    "imgLink": "https://img.youtube.com/vi/tztr7JHayXs/hqdefault.jpg",
    "descrioption": "ملخص أهداف الجولة 30 من الدوري السعودي للمحترفين 2022/2021"
    },
    {
    "videoLink": "https://www.youtube.com/watch?v=aFD0u0R7Zs0",
    "imgLink": "https://img.youtube.com/vi/aFD0u0R7Zs0/hqdefault.jpg",
    "descrioption": "ملخص أهداف الجولة 29 من الدوري السعودي للمحترفين 2022/2021"
    },
    {
    "videoLink": "https://www.youtube.com/watch?v=qTmTytZDD9w",
    "imgLink": "https://img.youtube.com/vi/qTmTytZDD9w/hqdefault.jpg",
    "descrioption": "ملخص أهداف الجولة 28 من الدوري السعودي للمحترفين 2022/2021"
    },
    {
    "videoLink": "https://www.youtube.com/watch?v=YQHK6AinkDs",
    "imgLink": "https://img.youtube.com/vi/YQHK6AinkDs/hqdefault.jpg",
    "descrioption": "ملخص أهداف اليوم الثالث من الجولة 28 من الدوري السعودي للمحترفين 2022/2021"
    }
    ]
    