[{"link": "https://www.spl.sa/sites/default/files/2022-06/DF591665-C95F-4F03-BC42-A464FED1040F.jpeg"}, {"link": "https://www.spl.sa/sites/default/files/2022-06/DF591665-C95F-4F03-BC42-A464FED1040F.jpeg"}, {"link": "https://www.spl.sa/sites/default/files/2022-06/DF591665-C95F-4F03-BC42-A464FED1040F.jpeg"}, {"link": "https://www.spl.sa/sites/default/files/2022-06/DF591665-C95F-4F03-BC42-A464FED1040F.jpeg"}, {"link": "https://www.spl.sa/sites/default/files/2022-06/DF591665-C95F-4F03-BC42-A464FED1040F.jpeg"}, {"link": "https://www.spl.sa/sites/default/files/2022-06/DF591665-C95F-4F03-BC42-A464FED1040F.jpeg"}, {"link": "https://www.spl.sa/sites/default/files/2022-06/DF591665-C95F-4F03-BC42-A464FED1040F.jpeg"}, {"link": "https://www.spl.sa/sites/default/files/2022-06/DF591665-C95F-4F03-BC42-A464FED1040F.jpeg"}, {"link": "https://www.spl.sa/sites/default/files/2022-06/DF591665-C95F-4F03-BC42-A464FED1040F.jpeg"}]
