[{"link": "https://www.spl.sa/sites/default/files/2022-06/DF591665-C95F-4F03-BC42-A464FED1040F.jpeg"}, {"link": "https://www.spl.sa/sites/default/files/2022-06/IMG_7736.JPG"}, {"link": "https://www.spl.sa/sites/default/files/2022-06/E0682B5D-4156-4D1A-8FDE-AD78B4570222.jpeg"}, {"link": "https://www.spl.sa/sites/default/files/2022-06/51CFFCB6-1AFE-4227-929B-2BCAFB2B14B5.jpeg"}, {"link": "https://www.spl.sa/sites/default/files/2022-06/870FE54D-5B71-4FAF-AAE5-5AFF91DECD83.jpeg"}, {"link": "https://www.spl.sa/sites/default/files/2022-06/9adca70f-fa64-4b96-8361-298f648cbf03_0.jpg"}, {"link": "https://www.spl.sa/sites/default/files/2022-06/__0.jpg"}, {"link": "https://www.spl.sa/sites/default/files/2022-06/6c3ea7e5-8c61-4e4e-b585-cfd2e4bd9670_0.jpg"}, {"link": "https://www.spl.sa/sites/default/files/2022-06/IMG_3625%20%281%29_0.JPG"}]
