[
    {"link": "https://www.spl.sa/ar/news/4186", "image-src": "https://www.spl.sa/sites/default/files/2022-08/WhatsApp%20Image%202022-08-09%20at%2012.21.50%20AM_0.jpeg", "description": "قنوات SSC ناقلاًً حصريًا للدوري السعودي للمحترفين لثلاثة مواسم"}, {"link": "https://www.spl.sa/ar/news/4181", "image-src": "https://www.spl.sa/sites/default/files/2022-08/IMG_20220719_162629_094.jpg", "description": "\u200f لجنة المسابقات في رابطة الدوري السعودي للمحترفين تعلن جدول مباريات دوري كأس الأمير محمد بن سلمان للمحترفين لموسم 2022 - 2023 "}, {"link": "https://www.spl.sa/ar/news/4165", "image-src": "https://www.spl.sa/sites/default/files/2022-07/FB_IMG_1657219325647.jpg", "description": "الدوري السعودي.. قفزات في كل الاتجاهات"}, {"link": "https://www.spl.sa/ar/news/4164", "image-src": "https://www.spl.sa/sites/default/files/2022-06/962BA5C1-66E8-452C-BA1C-EAAAF46AE61D.jpeg", "description": "دياز المدرب الأفضل.. وسليتي والمعيوف والعقيدي يحصدون جوائز مايو ويونيو"}, {"link": "https://www.spl.sa/ar/news/4162", "image-src": "https://www.spl.sa/sites/default/files/2022-06/IMG-20220619-WA0022_0.jpg", "description": "رئيس الرابطة يهنئ بطل الدوري "}, {"link": "https://www.spl.sa/ar/news/4144", "image-src": "https://www.spl.sa/sites/default/files/2022-06/IMG-20220619-WA0022.jpg", "description": "رئيس رابطة الدوري السعودي للمحترفين يهنئ المنتخب السعودي الأولمبي"}, {"link": "https://www.spl.sa/ar/news/4143", "image-src": "https://www.spl.sa/sites/default/files/2022-06/Screenshot%202022-06-13%20215226.jpg", "description": "لجنة المسابقات تعلن تأجيل موعد مباريات الجولتين (29 - 30) من دوري كأس الأمير محمد بن سلمان للمحترفين."}, {"link": "https://www.spl.sa/ar/news/4134", "image-src": "https://www.spl.sa/sites/default/files/2022-05/962BA5C1-66E8-452C-BA1C-EAAAF46AE61D_0.jpeg", "description": "تقديم موعد انطلاق مباراة النصر والأهلي"}, {"link": "https://www.spl.sa/ar/news/4133", "image-src": "https://www.spl.sa/sites/default/files/2022-05/IMG_20220524_141938_606.JPG", "description": "لجنة المسابقات في رابطة دوري المحترفين تنظم ورشة عمل روزنامة الموسم القادم."}]
